Country,Revenue,Orders,Customers,Quantity,RevenueShare_%,AOV
United Kingdom,9025222.084,18019,3920,4662390,84.61131522893568,500.8725281092181
Netherlands,285446.34,94,9,200361,2.6760549524319,3036.663191489362
EIRE,283453.96,288,3,147173,2.6573764212371183,984.215138888889
Germany,228867.14,457,94,119261,2.14562584143109,500.8033698030635
France,209715.11,392,87,112103,1.9660758611068567,534.987525510204
Australia,138521.31,57,9,83901,1.2986351047375646,2430.1984210526316
Spain,61577.11,90,30,27940,0.5772844387212807,684.1901111111112
Switzerland,57089.9,54,21,30629,0.5352169154764497,1057.2203703703703
Belgium,41196.34,98,25,23237,0.3862150402035926,420.3708163265306
Sweden,38378.33,36,8,36083,0.35979624073150057,1066.0647222222224
Japan,37416.369999999995,19,8,26016,0.35077788084627165,1969.282631578947
Norway,36165.44,36,10,19336,0.3390504317514764,1004.5955555555556
Portugal,33747.1,58,19,16258,0.3163785322495799,581.846551724138
Finland,22546.08,41,12,10704,0.21136914574531174,549.9043902439025
Singapore,21279.29,7,1,5241,0.19949300939971626,3039.8985714285714
Channel Islands,20450.44,26,9,9491,0.19172255367300003,786.5553846153846
Denmark,18955.34,18,9,8235,0.1777060146647194,1053.0744444444445
Italy,17483.24,38,14,8112,0.16390510029505193,460.08526315789476
Hong Kong,15691.800000000001,11,0,4773,0.14711037844300576,1426.527272727273
Cyprus,13590.38,16,8,6361,0.12740959896151213,849.39875
Austria,10198.68,17,11,4881,0.09561246475350908,599.9223529411765
Israel,8135.26,8,3,4409,0.07626793467494149,1016.9075
Poland,7334.65,19,6,3684,0.06876222850450502,386.03421052631575
Greece,4760.52,5,4,1557,0.044629800200454865,952.104
Unspecified,4749.79,13,4,3300,0.04452920661904971,365.36846153846153
Iceland,4310.0,7,1,2458,0.0404061822792385,615.7142857142857
Canada,3666.38,6,4,2763,0.0343722548921008,611.0633333333334
USA,3580.39,5,4,2458,0.03356609999321641,716.078
Malta,2725.59,5,2,970,0.025552363424238903,545.118
United Arab Emirates,1902.28,3,2,982,0.017833845110475595,634.0933333333334
Lebanon,1693.88,1,1,386,0.015880098384955108,1693.88
Lithuania,1661.06,4,1,652,0.01557241140063849,415.265
European Community,1300.25,4,1,499,0.012189823319856116,325.0625
Brazil,1143.6,1,1,356,0.010721232031215116,1143.6
RSA,1002.3100000000001,1,1,351,0.00939664050123052,1002.3100000000001
Czech Republic,826.74,2,1,671,0.0077506745098695215,413.37
Bahrain,754.14,3,2,314,0.0070700506505951095,251.38
Saudi Arabia,145.92,1,1,80,0.0013679977072358427,145.92
