Country,Revenue,Quantity,Transaction_Count
United Kingdom,8148025.16,4249499,490941
Netherlands,283440.66,198820,2356
EIRE,262112.48,141477,8142
Germany,220791.78,116862,9450
France,197194.15,110209,8532
Australia,135330.19,81709,1252
Switzerland,56199.23,30173,1992
Spain,54632.86,26609,2514
Belgium,40752.83,23097,2061
Sweden,36374.15,35349,459
Norway,34908.13,19160,1079
Japan,34616.06,24894,350
Portugal,29272.34,16132,1514
Finland,22226.69,10611,687
Channel Islands,19950.54,9410,753
Denmark,18665.18,8116,385
Italy,16506.03,7455,793
Cyprus,12791.31,6223,615
Austria,10149.28,4815,400
Hong Kong,10037.84,4753,285
Singapore,9054.69,5228,228
Israel,7867.42,4313,294
Poland,7193.34,3649,340
Unspecified,4746.65,3298,444
Greece,4644.82,1550,145
Iceland,4299.80,2446,181
Canada,3599.68,2725,147
Malta,2503.19,932,126
United Arab Emirates,1877.08,970,67
USA,1730.92,1034,291
Lebanon,1693.88,386,45
Lithuania,1661.06,652,35
European Community,1291.75,497,61
Brazil,1143.60,356,32
RSA,1002.31,352,58
0.85,786.00,57,70
Czech Republic,707.72,592,30
Bahrain,548.40,260,19
0.72,408.00,3,3
Saudi Arabia,131.17,75,10
15555,80.00,10,10
12748,60.00,5,30
13715,60.00,5,1
14083,60.00,5,3
17551,60.00,5,1
18055,60.00,5,2
1.63,50.00,30,30
13334,30.00,5,2
13568,30.00,5,1
15252,30.00,5,1
18069,30.00,5,15
13208,25.00,5,2
14016,25.00,5,5
13610,20.00,5,3
15436,20.00,5,6
15912,20.00,5,1
16728,20.00,5,2
17725,20.00,5,1
15483,15.00,5,5
16771,15.00,5,7
1.66,14.00,12,12
13168,10.00,5,1
14243,10.00,5,1
17358,10.00,5,3
17613,10.00,5,2
9.95,6.00,3,1
17954,5.00,5,5
,0.00,0,1365
0.36,0.00,0,6
0.42,0.00,0,155
0.83,0.00,0,52
1,0.00,0,1
1.25,0.00,0,18
1.65,0.00,0,67
1.95,0.00,0,111
10.79,0.00,0,162
11.02,0.00,0,24
12347,0.00,0,1
12357,0.00,0,2
12359,0.00,0,2
12360,0.00,0,1
12364,0.00,0,1
12370,0.00,0,4
12377,0.00,0,1
12378,0.00,0,1
12383,0.00,0,2
12391,0.00,0,1
12412,0.00,0,1
12415,0.00,0,3
12428,0.00,0,2
12433,0.00,0,2
12451,0.00,0,1
12457,0.00,0,1
12465,0.00,0,1
12473,0.00,0,1
12474,0.00,0,1
12484,0.00,0,7
12494,0.00,0,1
12501,0.00,0,1
12502,0.00,0,2
12518,0.00,0,1
12520,0.00,0,7
12540,0.00,0,4
12553,0.00,0,4
12556,0.00,0,2
12567,0.00,0,1
12577,0.00,0,2
12589,0.00,0,1
12613,0.00,0,1
12619,0.00,0,1
12630,0.00,0,1
12633,0.00,0,1
12638,0.00,0,1
12652,0.00,0,1
12668,0.00,0,1
12673,0.00,0,2
12681,0.00,0,2
12688,0.00,0,2
12710,0.00,0,1
12713,0.00,0,1
12714,0.00,0,1
12718,0.00,0,1
12720,0.00,0,1
12727,0.00,0,1
12734,0.00,0,1
12743,0.00,0,2
12744,0.00,0,1
12749,0.00,0,1
12758,0.00,0,1
12762,0.00,0,1
12763,0.00,0,1
12824,0.00,0,1
12828,0.00,0,1
12838,0.00,0,2
12839,0.00,0,2
12842,0.00,0,1
12843,0.00,0,8
12847,0.00,0,3
12854,0.00,0,4
12856,0.00,0,1
12867,0.00,0,4
12868,0.00,0,1
12877,0.00,0,4
12909,0.00,0,1
12947,0.00,0,1
12949,0.00,0,3
12957,0.00,0,3
12970,0.00,0,1
12977,0.00,0,3
12982,0.00,0,1
12985,0.00,0,1
13.29,0.00,0,5
13001,0.00,0,4
13004,0.00,0,2
13012,0.00,0,1
13018,0.00,0,2
13021,0.00,0,1
13026,0.00,0,1
13037,0.00,0,4
13044,0.00,0,3
13046,0.00,0,2
13047,0.00,0,6
13064,0.00,0,2
13069,0.00,0,4
13077,0.00,0,1
13078,0.00,0,4
13080,0.00,0,1
13081,0.00,0,4
13089,0.00,0,13
13091,0.00,0,1
13093,0.00,0,2
13097,0.00,0,6
13098,0.00,0,5
13109,0.00,0,1
13116,0.00,0,1
13124,0.00,0,2
13126,0.00,0,2
13137,0.00,0,1
13146,0.00,0,1
13148,0.00,0,2
13155,0.00,0,1
13158,0.00,0,1
13162,0.00,0,5
13167,0.00,0,4
13170,0.00,0,3
13174,0.00,0,6
13183,0.00,0,3
13184,0.00,0,2
13186,0.00,0,1
13189,0.00,0,3
13192,0.00,0,1
13196,0.00,0,3
13203,0.00,0,1
13209,0.00,0,3
13212,0.00,0,1
13213,0.00,0,1
13225,0.00,0,1
13230,0.00,0,3
13233,0.00,0,3
13263,0.00,0,27
13265,0.00,0,1
13267,0.00,0,1
13268,0.00,0,4
13269,0.00,0,1
13314,0.00,0,2
13316,0.00,0,1
13319,0.00,0,1
13357,0.00,0,3
13379,0.00,0,1
13381,0.00,0,11
13396,0.00,0,1
13402,0.00,0,3
13408,0.00,0,4
13411,0.00,0,1
13419,0.00,0,1
13426,0.00,0,4
13428,0.00,0,1
13430,0.00,0,1
13437,0.00,0,1
13447,0.00,0,1
13448,0.00,0,1
13451,0.00,0,7
13458,0.00,0,1
13468,0.00,0,5
13471,0.00,0,5
13474,0.00,0,3
13488,0.00,0,2
13491,0.00,0,2
13496,0.00,0,1
13510,0.00,0,5
13515,0.00,0,3
13521,0.00,0,2
13523,0.00,0,3
13532,0.00,0,1
13533,0.00,0,2
13563,0.00,0,1
13564,0.00,0,3
13565,0.00,0,1
13569,0.00,0,1
13588,0.00,0,3
13599,0.00,0,4
13601,0.00,0,2
13607,0.00,0,1
13611,0.00,0,6
13618,0.00,0,1
13637,0.00,0,5
13642,0.00,0,2
13644,0.00,0,1
13652,0.00,0,2
13654,0.00,0,3
13659,0.00,0,1
13668,0.00,0,4
13694,0.00,0,7
13700,0.00,0,3
13709,0.00,0,4
13735,0.00,0,2
13736,0.00,0,1
13742,0.00,0,5
13755,0.00,0,7
13756,0.00,0,1
13760,0.00,0,3
13764,0.00,0,5
13798,0.00,0,2
13810,0.00,0,1
13815,0.00,0,1
13823,0.00,0,1
13835,0.00,0,1
13838,0.00,0,2
13842,0.00,0,3
13869,0.00,0,7
13875,0.00,0,1
13876,0.00,0,1
13897,0.00,0,1
13941,0.00,0,3
13959,0.00,0,4
13963,0.00,0,1
13969,0.00,0,3
13975,0.00,0,1
13994,0.00,0,2
13995,0.00,0,2
14.95,0.00,0,2
14005,0.00,0,1
14030,0.00,0,3
14048,0.00,0,2
14049,0.00,0,5
14056,0.00,0,1
14060,0.00,0,4
14071,0.00,0,6
14081,0.00,0,4
14085,0.00,0,2
14088,0.00,0,5
14096,0.00,0,80
14099,0.00,0,3
14105,0.00,0,1
14107,0.00,0,3
14125,0.00,0,1
14128,0.00,0,2
14135,0.00,0,1
14156,0.00,0,5
14157,0.00,0,2
14159,0.00,0,3
14165,0.00,0,1
14171,0.00,0,4
14176,0.00,0,1
14178,0.00,0,1
14179,0.00,0,3
14180,0.00,0,4
14189,0.00,0,1
14191,0.00,0,1
14194,0.00,0,1
14210,0.00,0,3
14215,0.00,0,2
14221,0.00,0,6
14232,0.00,0,1
14234,0.00,0,2
14235,0.00,0,1
14245,0.00,0,1
14257,0.00,0,1
14271,0.00,0,1
14272,0.00,0,1
14286,0.00,0,8
14298,0.00,0,28
14305,0.00,0,1
14312,0.00,0,1
14321,0.00,0,4
14334,0.00,0,6
14341,0.00,0,5
14382,0.00,0,4
14390,0.00,0,1
14395,0.00,0,9
14396,0.00,0,1
14400,0.00,0,1
14401,0.00,0,2
14404,0.00,0,1
14408,0.00,0,2
14410,0.00,0,2
14414,0.00,0,2
14418,0.00,0,2
14422,0.00,0,1
14426,0.00,0,2
14431,0.00,0,2
14432,0.00,0,2
14439,0.00,0,1
14449,0.00,0,3
14450,0.00,0,1
14451,0.00,0,1
14456,0.00,0,9
14460,0.00,0,2
14461,0.00,0,4
14462,0.00,0,2
14472,0.00,0,1
14499,0.00,0,1
14502,0.00,0,3
14504,0.00,0,4
14505,0.00,0,3
14507,0.00,0,4
14524,0.00,0,1
14527,0.00,0,3
14534,0.00,0,5
14535,0.00,0,1
14546,0.00,0,2
14547,0.00,0,6
14552,0.00,0,2
14553,0.00,0,3
14561,0.00,0,1
14565,0.00,0,3
14572,0.00,0,4
14573,0.00,0,1
14576,0.00,0,1
14577,0.00,0,1
14583,0.00,0,1
14587,0.00,0,13
14592,0.00,0,1
14606,0.00,0,50
14620,0.00,0,1
14626,0.00,0,1
14629,0.00,0,1
14631,0.00,0,2
14638,0.00,0,1
14640,0.00,0,1
14643,0.00,0,4
14646,0.00,0,3
14649,0.00,0,1
14659,0.00,0,2
14662,0.00,0,3
14676,0.00,0,1
14684,0.00,0,1
14688,0.00,0,23
14696,0.00,0,3
14698,0.00,0,5
14704,0.00,0,7
14711,0.00,0,1
14715,0.00,0,1
14719,0.00,0,1
14729,0.00,0,2
14730,0.00,0,1
14755,0.00,0,1
14758,0.00,0,1
14759,0.00,0,1
14766,0.00,0,2
14769,0.00,0,7
14784,0.00,0,1
14790,0.00,0,1
14794,0.00,0,1
14796,0.00,0,16
14800,0.00,0,1
14801,0.00,0,1
14810,0.00,0,1
14815,0.00,0,2
14824,0.00,0,2
14852,0.00,0,3
14854,0.00,0,5
14861,0.00,0,1
14880,0.00,0,1
14893,0.00,0,1
14895,0.00,0,1
14896,0.00,0,5
14901,0.00,0,1
14903,0.00,0,5
14911,0.00,0,24
14912,0.00,0,6
14913,0.00,0,3
14916,0.00,0,1
14921,0.00,0,2
14930,0.00,0,2
14936,0.00,0,1
14944,0.00,0,1
14948,0.00,0,1
14960,0.00,0,1
14963,0.00,0,3
14965,0.00,0,4
14966,0.00,0,2
14972,0.00,0,1
14978,0.00,0,2
14984,0.00,0,2
14988,0.00,0,1
14998,0.00,0,1
15000,0.00,0,1
15002,0.00,0,2
15004,0.00,0,1
15005,0.00,0,19
15006,0.00,0,2
15009,0.00,0,8
15012,0.00,0,2
15021,0.00,0,1
15023,0.00,0,7
15024,0.00,0,1
15033,0.00,0,2
15036,0.00,0,1
15038,0.00,0,1
15039,0.00,0,1
15054,0.00,0,2
15059,0.00,0,2
15061,0.00,0,1
15065,0.00,0,1
15066,0.00,0,1
15088,0.00,0,2
15089,0.00,0,2
15093,0.00,0,4
15099,0.00,0,3
15104,0.00,0,2
15114,0.00,0,3
15122,0.00,0,1
15150,0.00,0,1
15154,0.00,0,1
15156,0.00,0,1
15157,0.00,0,2
15159,0.00,0,3
15194,0.00,0,1
15203,0.00,0,2
15214,0.00,0,1
15220,0.00,0,1
15225,0.00,0,3
15230,0.00,0,1
15235,0.00,0,4
15237,0.00,0,2
15271,0.00,0,6
15275,0.00,0,1
15276,0.00,0,1
15277,0.00,0,1
15290,0.00,0,1
15298,0.00,0,1
15301,0.00,0,5
15306,0.00,0,4
15311,0.00,0,21
15330,0.00,0,5
15334,0.00,0,1
15351,0.00,0,1
15356,0.00,0,12
15358,0.00,0,5
15365,0.00,0,1
15376,0.00,0,1
15379,0.00,0,1
15388,0.00,0,1
15407,0.00,0,1
15415,0.00,0,2
15427,0.00,0,3
15429,0.00,0,1
15437,0.00,0,1
15443,0.00,0,3
15452,0.00,0,3
15453,0.00,0,2
15456,0.00,0,2
15457,0.00,0,4
15480,0.00,0,1
15484,0.00,0,1
15485,0.00,0,5
15489,0.00,0,1
15493,0.00,0,3
15498,0.00,0,3
15502,0.00,0,2
15506,0.00,0,8
15508,0.00,0,1
15512,0.00,0,1
15513,0.00,0,3
15529,0.00,0,8
15531,0.00,0,5
15532,0.00,0,3
15533,0.00,0,1
15535,0.00,0,1
15541,0.00,0,2
15547,0.00,0,2
15570,0.00,0,1
15582,0.00,0,1
15601,0.00,0,6
15607,0.00,0,2
15608,0.00,0,1
15630,0.00,0,2
15632,0.00,0,3
15639,0.00,0,2
15640,0.00,0,1
15641,0.00,0,4
15644,0.00,0,1
15646,0.00,0,1
15660,0.00,0,1
15665,0.00,0,2
15707,0.00,0,2
15719,0.00,0,2
15721,0.00,0,1
15722,0.00,0,3
15737,0.00,0,1
15750,0.00,0,4
15756,0.00,0,2
15757,0.00,0,1
15759,0.00,0,1
15764,0.00,0,1
15795,0.00,0,1
15796,0.00,0,2
15799,0.00,0,1
15800,0.00,0,1
15805,0.00,0,1
15825,0.00,0,2
15826,0.00,0,4
15834,0.00,0,5
15854,0.00,0,3
15856,0.00,0,10
15858,0.00,0,2
15861,0.00,0,5
15865,0.00,0,1
15867,0.00,0,2
15870,0.00,0,1
15880,0.00,0,2
15881,0.00,0,1
15883,0.00,0,2
15891,0.00,0,1
15899,0.00,0,1
15903,0.00,0,6
15906,0.00,0,1
15907,0.00,0,1
15910,0.00,0,3
15916,0.00,0,5
15919,0.00,0,3
15951,0.00,0,1
15967,0.00,0,3
15974,0.00,0,5
15976,0.00,0,1
15984,0.00,0,2
15985,0.00,0,2
15987,0.00,0,1
15993,0.00,0,6
15998,0.00,0,1
16005,0.00,0,3
16007,0.00,0,12
16011,0.00,0,1
16014,0.00,0,1
16015,0.00,0,1
16031,0.00,0,2
16033,0.00,0,14
16036,0.00,0,1
16049,0.00,0,1
16062,0.00,0,2
16081,0.00,0,1
16083,0.00,0,2
16102,0.00,0,1
16121,0.00,0,5
16147,0.00,0,1
16179,0.00,0,1
16186,0.00,0,1
16222,0.00,0,3
16224,0.00,0,3
16244,0.00,0,2
16255,0.00,0,4
16261,0.00,0,4
16265,0.00,0,5
16268,0.00,0,2
16270,0.00,0,1
16274,0.00,0,1
16297,0.00,0,1
16324,0.00,0,1
16332,0.00,0,2
16340,0.00,0,1
16345,0.00,0,3
16347,0.00,0,1
16348,0.00,0,1
16350,0.00,0,1
16356,0.00,0,2
16360,0.00,0,10
16365,0.00,0,1
16367,0.00,0,2
16374,0.00,0,3
16383,0.00,0,1
16393,0.00,0,1
16395,0.00,0,3
16402,0.00,0,1
16409,0.00,0,1
16423,0.00,0,1
16426,0.00,0,10
16433,0.00,0,1
16442,0.00,0,2
16444,0.00,0,1
16446,0.00,0,2
16447,0.00,0,2
16448,0.00,0,1
16449,0.00,0,1
16456,0.00,0,4
16460,0.00,0,1
16464,0.00,0,3
16466,0.00,0,1
16469,0.00,0,1
16495,0.00,0,2
16497,0.00,0,1
16504,0.00,0,3
16511,0.00,0,1
16518,0.00,0,1
16523,0.00,0,2
16526,0.00,0,1
16533,0.00,0,3
16535,0.00,0,1
16549,0.00,0,3
16570,0.00,0,3
16592,0.00,0,2
16593,0.00,0,1
16600,0.00,0,2
16614,0.00,0,4
16638,0.00,0,1
16648,0.00,0,1
16655,0.00,0,1
16666,0.00,0,3
16667,0.00,0,2
16670,0.00,0,1
16674,0.00,0,1
16676,0.00,0,1
16678,0.00,0,1
16684,0.00,0,4
16686,0.00,0,1
16700,0.00,0,1
16710,0.00,0,1
16713,0.00,0,5
16725,0.00,0,2
16729,0.00,0,8
16730,0.00,0,1
16744,0.00,0,4
16753,0.00,0,2
16764,0.00,0,11
16773,0.00,0,2
16775,0.00,0,2
16776,0.00,0,1
16777,0.00,0,1
16779,0.00,0,1
16794,0.00,0,10
16801,0.00,0,2
16805,0.00,0,2
16813,0.00,0,16
16814,0.00,0,3
16818,0.00,0,1
16869,0.00,0,4
16880,0.00,0,16
16887,0.00,0,2
16895,0.00,0,2
16898,0.00,0,5
16900,0.00,0,4
16904,0.00,0,14
16906,0.00,0,1
16907,0.00,0,2
16910,0.00,0,11
16916,0.00,0,1
16918,0.00,0,1
16919,0.00,0,1
16921,0.00,0,1
16923,0.00,0,6
16924,0.00,0,3
16930,0.00,0,3
16931,0.00,0,8
16938,0.00,0,1
16947,0.00,0,4
16952,0.00,0,1
16984,0.00,0,3
17007,0.00,0,1
17015,0.00,0,8
17019,0.00,0,5
17042,0.00,0,3
17043,0.00,0,1
17050,0.00,0,1
17054,0.00,0,5
17059,0.00,0,4
17071,0.00,0,1
17073,0.00,0,1
17078,0.00,0,2
17085,0.00,0,3
17092,0.00,0,1
17101,0.00,0,1
17107,0.00,0,4
17109,0.00,0,1
17124,0.00,0,1
17128,0.00,0,2
17159,0.00,0,1
17162,0.00,0,9
17180,0.00,0,1
17189,0.00,0,1
17191,0.00,0,1
17198,0.00,0,1
17201,0.00,0,2
17221,0.00,0,2
17223,0.00,0,1
17228,0.00,0,3
17231,0.00,0,7
17243,0.00,0,1
17252,0.00,0,2
17255,0.00,0,1
17265,0.00,0,4
17272,0.00,0,1
17282,0.00,0,2
17288,0.00,0,3
17289,0.00,0,5
17290,0.00,0,1
17293,0.00,0,1
17297,0.00,0,4
17298,0.00,0,1
17303,0.00,0,1
17314,0.00,0,1
17337,0.00,0,6
17338,0.00,0,4
17340,0.00,0,2
17341,0.00,0,1
17348,0.00,0,1
17364,0.00,0,2
17368,0.00,0,7
17372,0.00,0,1
17375,0.00,0,1
17377,0.00,0,7
17385,0.00,0,1
17389,0.00,0,8
17400,0.00,0,9
17404,0.00,0,1
17405,0.00,0,1
17416,0.00,0,1
17428,0.00,0,2
17429,0.00,0,1
17433,0.00,0,1
17434,0.00,0,1
17442,0.00,0,1
17444,0.00,0,1
17449,0.00,0,3
17451,0.00,0,1
17486,0.00,0,1
17491,0.00,0,7
17499,0.00,0,1
17503,0.00,0,1
17504,0.00,0,4
17507,0.00,0,4
17511,0.00,0,3
17515,0.00,0,2
17516,0.00,0,1
17522,0.00,0,5
17528,0.00,0,2
17545,0.00,0,2
17555,0.00,0,1
17557,0.00,0,2
17561,0.00,0,1
17566,0.00,0,1
17572,0.00,0,1
17576,0.00,0,4
17589,0.00,0,1
17590,0.00,0,1
17593,0.00,0,2
17596,0.00,0,1
17602,0.00,0,1
17611,0.00,0,6
17618,0.00,0,1
17631,0.00,0,1
17634,0.00,0,1
17658,0.00,0,3
17667,0.00,0,1
17677,0.00,0,1
17678,0.00,0,1
17686,0.00,0,1
17690,0.00,0,1
17692,0.00,0,1
17700,0.00,0,1
17706,0.00,0,2
17716,0.00,0,1
17730,0.00,0,4
17744,0.00,0,1
17750,0.00,0,9
17757,0.00,0,7
17758,0.00,0,4
17783,0.00,0,2
17797,0.00,0,2
17799,0.00,0,7
17802,0.00,0,2
17806,0.00,0,2
17809,0.00,0,1
17811,0.00,0,10
17813,0.00,0,1
17827,0.00,0,1
17829,0.00,0,1
17832,0.00,0,2
17835,0.00,0,1
17838,0.00,0,5
17841,0.00,0,39
17858,0.00,0,1
17865,0.00,0,8
17870,0.00,0,2
17873,0.00,0,5
17886,0.00,0,1
17888,0.00,0,4
17891,0.00,0,1
17897,0.00,0,1
17920,0.00,0,1
17947,0.00,0,1
17965,0.00,0,3
17974,0.00,0,1
17975,0.00,0,2
17997,0.00,0,2
17999,0.00,0,2
18005,0.00,0,1
18022,0.00,0,1
18034,0.00,0,1
18035,0.00,0,1
18041,0.00,0,6
18044,0.00,0,3
18059,0.00,0,2
18061,0.00,0,1
18079,0.00,0,1
18095,0.00,0,4
18096,0.00,0,4
18109,0.00,0,1
18114,0.00,0,2
18116,0.00,0,6
18117,0.00,0,2
18118,0.00,0,13
18122,0.00,0,3
18123,0.00,0,1
18125,0.00,0,1
18126,0.00,0,1
18127,0.00,0,2
18130,0.00,0,1
18139,0.00,0,3
18180,0.00,0,1
18183,0.00,0,2
18204,0.00,0,7
18221,0.00,0,1
18225,0.00,0,2
18226,0.00,0,1
18245,0.00,0,1
18273,0.00,0,3
3.29,0.00,0,17
3.36,0.00,0,4
4.25,0.00,0,36
4.4,0.00,0,1
4.95,0.00,0,227
5.72,0.00,0,1
6.35,0.00,0,6
6.75,0.00,0,56
Country,Revenue,Quantity,Transaction_Count
