Date,Revenue,Transaction_Count
",0.00,200
-1,0.00,13
-11,0.00,1
-1128,0.00,1
-1158,0.00,1
-12,0.00,4
-1671,0.00,1
-1681,0.00,1
-18,0.00,2
-20,0.00,2
-2003,0.00,1
-2600,0.00,1
-2618,0.00,1
-4,0.00,1
-4830,0.00,1
-576,0.00,1
-6,0.00,1
-657,0.00,1
-674,0.00,1
-72,0.00,2
-8,0.00,1
-80995,0.00,1
-9,0.00,1
-905,0.00,1
-96,0.00,2
1,75.00,1217
1/10/2011,24014.17,1938
1/11/2011,67678.95,1436
1/12/2011,23705.37,1781
1/13/2011,20306.65,1416
1/14/2011,47148.42,1491
1/16/2011,7019.32,635
1/17/2011,28954.32,2506
1/18/2011,18537.46,1426
1/19/2011,25166.32,1388
1/20/2011,17847.65,1478
1/21/2011,31440.34,1574
1/23/2011,10237.58,869
1/24/2011,25407.93,1471
1/25/2011,27655.03,1634
1/26/2011,19255.56,1276
1/27/2011,20951.30,1562
1/28/2011,18542.52,1001
1/30/2011,6325.25,712
1/31/2011,22310.50,1496
1/4/2011,14713.39,1159
1/5/2011,-2103.14,1699
1/6/2011,37141.48,1811
1/7/2011,26954.97,1756
1/9/2011,15551.26,1104
10,60.00,50
10/10/2011,44042.04,3206
10/11/2011,38174.92,2453
10/12/2011,29230.86,2180
10/13/2011,36899.78,2337
10/14/2011,35194.05,1804
10/16/2011,21415.34,1248
10/17/2011,46909.14,2925
10/18/2011,44422.21,2885
10/19/2011,35873.72,2301
10/2/2011,11563.47,1417
10/20/2011,60539.53,2337
10/21/2011,62898.14,1398
10/23/2011,12250.73,1716
10/24/2011,38305.07,2955
10/25/2011,40690.56,2478
10/26/2011,37804.49,1923
10/27/2011,47377.63,2527
10/28/2011,39505.54,1635
10/3/2011,64059.52,2277
10/30/2011,34489.27,2899
10/31/2011,48211.63,3379
10/4/2011,48143.57,2775
10/5/2011,75047.67,2440
10/6/2011,55120.00,3169
10/7/2011,47437.72,2407
10/9/2011,11900.63,1287
100,0.00,2
108,0.00,1
11,0.00,12
11/1/2011,28719.63,1779
11/10/2011,68792.56,3258
11/11/2011,54689.04,4065
11/13/2011,33374.44,2990
11/14/2011,111893.68,3562
11/15/2011,60454.20,3421
11/16/2011,64320.51,4180
11/17/2011,60088.65,3584
11/18/2011,47973.02,2906
11/2/2011,45197.98,2621
11/20/2011,34730.50,3305
11/21/2011,48214.28,2915
11/22/2011,62201.27,3946
11/23/2011,77975.00,3591
11/24/2011,47937.67,3743
11/25/2011,50272.80,3108
11/27/2011,20491.29,2527
11/28/2011,55270.01,3304
11/29/2011,72026.24,4293
11/3/2011,62658.70,2406
11/30/2011,58854.16,3436
11/4/2011,60003.26,2994
11/6/2011,42696.14,3411
11/7/2011,69875.39,2093
11/8/2011,56422.78,4039
11/9/2011,62450.47,2697
12,60.00,619
12/1/2010,58299.71,3071
12/1/2011,51367.86,2889
12/10/2010,57295.46,2734
12/12/2010,17122.61,1441
12/13/2010,35080.12,2261
12/14/2010,42496.42,2068
12/15/2010,29252.54,1336
12/16/2010,48002.08,1775
12/17/2010,43194.91,3081
12/19/2010,7485.45,516
12/2/2010,45736.88,2084
12/2/2011,56966.68,2861
12/20/2010,24522.59,1742
12/21/2010,46752.45,1562
12/22/2010,6066.17,288
12/23/2010,11648.91,946
12/3/2010,45404.79,2187
12/4/2011,24501.15,2024
12/5/2010,31009.70,2689
12/5/2011,57283.40,5291
12/6/2010,53587.29,3838
12/6/2011,53538.39,3348
12/7/2010,44897.78,2946
12/7/2011,74846.97,2419
12/8/2010,44096.75,2629
12/8/2011,81061.05,4895
12/9/2010,52357.69,2869
12/9/2011,31862.47,1612
120,0.00,5
13,0.00,13
14,0.00,6
144,0.00,6
15,0.00,8
16,0.00,5
17,0.00,2
18,0.00,3
19,0.00,3
2,170.00,496
2/1/2011,28320.25,1563
2/10/2011,13363.27,778
2/11/2011,20180.68,944
2/13/2011,5510.50,619
2/14/2011,26087.12,1093
2/15/2011,36242.04,1317
2/16/2011,24595.29,1176
2/17/2011,26130.03,1701
2/18/2011,15860.90,848
2/2/2011,20856.06,1394
2/20/2011,9547.99,862
2/21/2011,23586.82,1405
2/22/2011,32099.98,1571
2/23/2011,26639.90,1561
2/24/2011,22422.60,1278
2/25/2011,17931.28,970
2/27/2011,9410.33,801
2/28/2011,21702.83,1728
2/3/2011,23014.90,980
2/4/2011,24827.18,1222
2/6/2011,3454.56,276
2/7/2011,25340.64,1239
2/8/2011,20567.09,1218
2/9/2011,16405.15,867
20,0.00,39
22,0.00,4
23,0.00,1
24,0.00,312
240,0.00,3
25,0.00,37
26,0.00,3
288,0.00,1
3,145.00,208
3/1/2011,25345.76,1346
3/10/2011,25540.43,1121
3/11/2011,21839.22,939
3/13/2011,4106.42,533
3/14/2011,25659.14,1091
3/15/2011,20590.09,1286
3/16/2011,20941.02,862
3/17/2011,38642.95,2050
3/18/2011,16718.92,1372
3/2/2011,18289.13,933
3/20/2011,21905.70,1437
3/21/2011,16304.64,1056
3/22/2011,31131.74,2361
3/23/2011,23919.87,1306
3/24/2011,36409.20,1550
3/25/2011,30489.62,1361
3/27/2011,8860.58,725
3/28/2011,19079.58,1658
3/29/2011,70147.74,1965
3/3/2011,35264.44,1377
3/30/2011,31271.61,1568
3/31/2011,30769.63,1725
3/4/2011,19347.83,1095
3/6/2011,9516.79,831
3/7/2011,30324.44,1942
3/8/2011,24934.04,1584
3/9/2011,21809.90,1264
30,0.00,2
300,0.00,1
31,0.00,2
32,0.00,1
35,0.00,3
36,0.00,21
4,60.00,158
4/1/2011,24240.14,1246
4/10/2011,9255.74,936
4/11/2011,21990.18,1243
4/12/2011,25057.78,1143
4/13/2011,23726.15,1045
4/14/2011,34891.19,1600
4/15/2011,28042.06,1471
4/17/2011,12597.66,957
4/18/2011,31933.51,3164
4/19/2011,23716.00,1868
4/20/2011,28143.39,1020
4/21/2011,31108.08,1918
4/26/2011,30358.74,1874
4/27/2011,25414.03,1293
4/28/2011,21162.70,1181
4/3/2011,6822.07,718
4/4/2011,24776.73,1673
4/5/2011,28159.76,1209
4/6/2011,17149.75,1109
4/7/2011,17915.03,1510
4/8/2011,23219.70,1427
40,0.00,7
41,0.00,2
48,0.00,38
480,0.00,1
5,0.00,82
5/1/2011,6956.86,451
5/10/2011,45290.07,2558
5/11/2011,32988.19,1692
5/12/2011,59599.28,1940
5/13/2011,30490.51,1409
5/15/2011,9877.84,802
5/16/2011,25102.90,1590
5/17/2011,52509.69,1915
5/18/2011,34239.21,1353
5/19/2011,34193.45,1930
5/20/2011,26129.38,1114
5/22/2011,24157.76,1558
5/23/2011,30596.58,1636
5/24/2011,36768.15,1735
5/25/2011,24102.62,1315
5/26/2011,33154.89,968
5/27/2011,28157.72,1163
5/29/2011,7186.20,627
5/3/2011,19521.09,1437
5/31/2011,21932.16,1272
5/4/2011,27226.18,1147
5/5/2011,28657.43,1820
5/6/2011,35294.47,2026
5/8/2011,18712.65,1487
5/9/2011,25985.22,1754
50,0.00,1
54,0.00,1
576,0.00,3
6,155.00,172
6/1/2011,20049.99,1434
6/10/2011,22416.96,1054
6/12/2011,12418.96,1052
6/13/2011,20259.95,1458
6/14/2011,40160.32,1572
6/15/2011,46044.87,1698
6/16/2011,34064.45,1522
6/17/2011,20772.85,958
6/19/2011,22119.68,1146
6/2/2011,32350.73,1574
6/20/2011,33380.16,1996
6/21/2011,22688.23,1526
6/22/2011,21718.89,1007
6/23/2011,24180.94,1956
6/24/2011,8509.39,1030
6/26/2011,6162.49,706
6/27/2011,16701.41,1168
6/28/2011,34327.72,1032
6/29/2011,21637.24,1343
6/3/2011,16672.64,845
6/30/2011,43692.10,1606
6/5/2011,25373.95,1544
6/6/2011,16749.03,1223
6/7/2011,37496.70,1903
6/8/2011,42808.22,2314
6/9/2011,45413.27,1837
60,0.00,3
7,0.00,39
7/1/2011,13094.12,1012
7/10/2011,5655.02,811
7/11/2011,22278.88,1493
7/12/2011,25837.29,1650
7/13/2011,11408.12,1602
7/14/2011,32212.26,1715
7/15/2011,14391.66,1124
7/17/2011,17142.87,1238
7/18/2011,28349.46,2215
7/19/2011,49057.87,1656
7/20/2011,27241.75,1995
7/21/2011,30770.14,1556
7/22/2011,19930.71,1291
7/24/2011,26362.90,1111
7/25/2011,26475.32,1924
7/26/2011,21221.86,1268
7/27/2011,25379.02,1248
7/28/2011,55662.37,1554
7/29/2011,17990.64,1116
7/3/2011,5964.17,598
7/31/2011,33374.09,1264
7/4/2011,44030.24,2172
7/5/2011,40269.94,2184
7/6/2011,26081.67,1800
7/7/2011,31289.29,1922
7/8/2011,26746.58,1615
72,0.00,7
75,0.00,1
8,0.00,55
8/1/2011,21097.23,1188
8/10/2011,27401.47,1364
8/11/2011,71927.27,1974
8/12/2011,9989.42,1115
8/14/2011,5116.43,553
8/15/2011,17137.86,922
8/16/2011,18971.20,1024
8/17/2011,49276.60,1655
8/18/2011,53011.25,1523
8/19/2011,17227.90,817
8/2/2011,14759.34,1349
8/21/2011,14435.35,1059
8/22/2011,27900.14,1266
8/23/2011,25651.72,1449
8/24/2011,36942.15,1865
8/25/2011,22434.43,1335
8/26/2011,25462.23,921
8/28/2011,10735.43,1190
8/3/2011,26870.30,1550
8/30/2011,31504.50,3197
8/31/2011,16047.65,1296
8/4/2011,60848.42,1823
8/5/2011,21195.36,1438
8/7/2011,7464.12,541
8/8/2011,19938.61,1475
8/9/2011,26585.58,1113
800,0.00,1
80995,0.00,1
84,0.00,2
9,0.00,18
9/1/2011,37213.74,1393
9/11/2011,35328.65,2014
9/12/2011,28928.39,1687
9/13/2011,54752.39,2426
9/14/2011,23294.07,1368
9/15/2011,62803.78,2185
9/16/2011,25747.91,1466
9/18/2011,15677.83,1271
9/19/2011,46197.38,1431
9/2/2011,41648.08,2352
9/20/2011,109129.67,1713
9/21/2011,42755.14,3098
9/22/2011,56986.90,2730
9/23/2011,39233.43,2620
9/25/2011,31157.43,1978
9/26/2011,28558.34,1540
9/27/2011,35697.86,1880
9/28/2011,43181.11,2848
9/29/2011,43269.14,2490
9/30/2011,43603.21,1878
9/4/2011,16932.03,1332
9/5/2011,36122.21,1578
9/6/2011,28022.76,1136
9/7/2011,33945.41,2094
9/8/2011,26584.14,1764
9/9/2011,29221.55,1595
96,0.00,8
C,0.00,73
DOUGHNUTS",0.00,27
Date,Revenue,Transaction_Count
IVORY",0.00,1
LOVEHEART",6.00,1
MAGIC,1258.00,102
METAL,0.00,88
MINT",0.00,1
SUGAR,0.00,125
SUGAR",0.00,449
