Product,Revenue,Quantity,Transaction_Count
DOTCOM POSTAGE,206245.48,707,709
REGENCY CAKESTAND 3 TIER,164762.19,13033,2200
WHITE HANGING HEART T-LIGHT HOLDER,99668.47,35317,2369
PARTY BUNTING,98302.98,18022,1727
JUMBO BAG RED RETROSPOT,92356.03,47363,2159
RABBIT NIGHT LIGHT,66756.59,30680,1051
POSTAGE,66230.64,3003,1252
PAPER CHAIN KIT 50'S CHRISTMAS ,63791.94,18902,1210
ASSORTED COLOUR BIRD ORNAMENT,58959.73,36381,1501
CHILLI LIGHTS,53768.06,10229,679
SPOTTY BUNTING,42065.32,8388,1172
JUMBO BAG PINK POLKADOT,41619.66,21009,1251
BLACK RECORD COVER FRAME,40596.96,11641,384
PICNIC BASKET WICKER 60 PIECES,39619.50,61,2
SET OF 3 CAKE TINS PANTRY DESIGN ,37413.44,7336,1473
DOORMAT KEEP CALM AND COME IN,36565.39,5266,742
JAM MAKING SET WITH JARS,36116.09,8470,1229
WOOD BLACK BOARD ANT WHITE FINISH,35859.27,5996,698
LUNCH BAG RED RETROSPOT,34897.31,18779,1638
POPCORN HOLDER,33969.46,36334,865
